https://sinclairhuang.org/blog/2026-03-25-why-156000-citations-can-be-worth-less-than-18700-in-biophar-2/,https://sinclairhuang.org/blog/2026-03-25-why-156000-citations-can-be-worth-less-than-18700-in-biophar/,301
https://sinclairhuang.org/blog/2026-03-29-from-structure-to-behaviour-why-protein-ai-is-entering-the-d-2/,https://sinclairhuang.org/blog/2026-03-29-from-structure-to-behaviour-why-protein-ai-is-entering-the-d/,301
https://sinclairhuang.org/blog/2026-04-01-article-2-the-real-ai-supply-chain-a-power-map-beyond-the-gp-2/,https://sinclairhuang.org/blog/2026-04-01-article-2-the-real-ai-supply-chain-a-power-map-beyond-the-gp/,301
https://sinclairhuang.org/blog/2026-04-02-article-3-how-deep-is-the-moat-reading-tsmc-sk-hynix-and-mic-2/,https://sinclairhuang.org/blog/2026-04-02-article-3-how-deep-is-the-moat-reading-tsmc-sk-hynix-and-mic/,301
https://sinclairhuang.org/blog/2026-04-02-why-real-breakthroughs-are-not-one-persons-victory-2/,https://sinclairhuang.org/blog/2026-04-02-why-real-breakthroughs-are-not-one-persons-victory/,301
https://sinclairhuang.org/blog/2026-04-05-when-ai-starts-predicting-the-next-scientific-question-2/,https://sinclairhuang.org/blog/2026-04-05-when-ai-starts-predicting-the-next-scientific-question/,301
https://sinclairhuang.org/blog/2026-04-07-article-4-stress-testing-the-moat-four-threats-that-could-re-2/,https://sinclairhuang.org/blog/2026-04-07-article-4-stress-testing-the-moat-four-threats-that-could-re/,301
https://sinclairhuang.org/blog/2026-04-11-beyond-the-gpu-what-the-ai-infrastructure-buildout-means-for-2/,https://sinclairhuang.org/blog/2026-04-11-beyond-the-gpu-what-the-ai-infrastructure-buildout-means-for/,301
https://sinclairhuang.org/blog/2026-04-15-ai-was-never-sudden-a-30-year-view-on-the-great-repricing-of-2/,https://sinclairhuang.org/blog/2026-04-15-ai-was-never-sudden-a-30-year-view-on-the-great-repricing-of/,301
https://sinclairhuang.org/blog/2026-04-17-why-jobs-are-no-longer-enough-in-the-ai-economy-2/,https://sinclairhuang.org/blog/2026-04-17-why-jobs-are-no-longer-enough-in-the-ai-economy/,301
https://sinclairhuang.org/blog/2026-04-26-everyone-is-betting-on-ai-but-almost-no-one-asks-where-are-y-2/,https://sinclairhuang.org/blog/2026-04-26-everyone-is-betting-on-ai-but-almost-no-one-asks-where-are-y/,301
https://sinclairhuang.org/blog/2026-05-01-when-ai-scales-knowledge-humanity-becomes-the-bottleneck-2/,https://sinclairhuang.org/blog/2026-05-01-when-ai-scales-knowledge-humanity-becomes-the-bottleneck/,301
https://sinclairhuang.org/blog/2026-05-07-copper-is-running-out-of-room-but-light-has-a-manufacturing-2/,https://sinclairhuang.org/blog/2026-05-07-copper-is-running-out-of-room-but-light-has-a-manufacturing/,301
https://sinclairhuang.org/blog/2026-05-23-ai-infrastructure-is-not-one-trade-2/,https://sinclairhuang.org/blog/2026-05-23-ai-infrastructure-is-not-one-trade/,301
https://sinclairhuang.org/blog/2026-06-06-ai-needs-a-place-to-land-2/,https://sinclairhuang.org/blog/2026-06-06-ai-needs-a-place-to-land/,301
https://sinclairhuang.org/blog/ai-supply-chain-part2-power-map/,https://sinclairhuang.org/blog/2026-04-01-article-2-the-real-ai-supply-chain-a-power-map-beyond-the-gp/,301
https://sinclairhuang.org/blog/ai-supply-chain-part3-sec-filings/,https://sinclairhuang.org/blog/2026-04-02-article-3-how-deep-is-the-moat-reading-tsmc-sk-hynix-and-mic/,301
https://sinclairhuang.org/blog/ai-supply-chain-part4-stress-test/,https://sinclairhuang.org/blog/2026-04-07-article-4-stress-testing-the-moat-four-threats-that-could-re/,301
https://sinclairhuang.org/blog/ai-supply-chain-part5-industrial-transformation/,https://sinclairhuang.org/blog/2026-04-11-beyond-the-gpu-what-the-ai-infrastructure-buildout-means-for/,301
https://sinclairhuang.org/blog/ai-was-never-sudden/,https://sinclairhuang.org/blog/2026-04-15-ai-was-never-sudden-a-30-year-view-on-the-great-repricing-of/,301
https://sinclairhuang.org/blog/page/4/,https://sinclairhuang.org/blog/,301
https://sinclairhuang.org/blog/page/5/,https://sinclairhuang.org/blog/,301
https://sinclairhuang.org/blog/why-jobs-are-no-longer-enough/,https://sinclairhuang.org/blog/2026-04-17-why-jobs-are-no-longer-enough-in-the-ai-economy/,301
https://sinclairhuang.org/consulting/,https://sinclairhuang.org/advisory/,301
https://sinclairhuang.org/contact/,https://sinclairhuang.org/advisory/,301
https://sinclairhuang.org/news-1/,https://sinclairhuang.org/news/,301
https://sinclairhuang.org/page/4/,https://sinclairhuang.org/,301
https://sinclairhuang.org/page/5/,https://sinclairhuang.org/,301
https://sinclairhuang.org/posts/ai-supply-chain-part2-power-map/,https://sinclairhuang.org/blog/2026-04-01-article-2-the-real-ai-supply-chain-a-power-map-beyond-the-gp/,301
https://sinclairhuang.org/posts/ai-supply-chain-part3-sec-filings/,https://sinclairhuang.org/blog/2026-04-02-article-3-how-deep-is-the-moat-reading-tsmc-sk-hynix-and-mic/,301
https://sinclairhuang.org/tags/ai-infrastruture/,https://sinclairhuang.org/tags/ai-infrastructure/,301
https://sinclairhuang.org/tags/ai-infrastruture/page/1/,https://sinclairhuang.org/tags/ai-infrastructure/,301
https://sinclairhuang.org/tags/industialstrategy/,https://sinclairhuang.org/tags/industrial-strategy/,301
https://sinclairhuang.org/tags/industialstrategy/page/1/,https://sinclairhuang.org/tags/industrial-strategy/,301
https://sinclairhuang.org/tags/semiconductors/page/3/,https://sinclairhuang.org/tags/semiconductors/,301
https://sinclairhuang.org/projects/,https://sinclairhuang.org/research/,301
https://sinclairhuang.org/projects/page/1/,https://sinclairhuang.org/research/,301
